begin_date	id	first_name	last_name	email_address	birthdate	customer_status_id	phone_number
2003-06-30	1	Tyler	Smalls	TylerSmalls@gmail.com	1982-03-05	1	+19031802317
2010-12-31	2	Michael	Brown	MichaelBrown@gmail.com	1968-10-24	1	+19366781693
2004-06-07	3	Joseph	Setchell	JosephSetchell@gmail.com	1978-04-20	1	+16821744654
2002-12-03	4	Kisha	Vargas	KishaVargas@gmail.com	1974-05-26	1	+19726953213
2021-04-13	5	Christopher	Robinson	ChristopherRobinson@gmail.com	1989-11-16	1	+18308650244
2017-04-20	6	Paul	Knight	PaulKnight@gmail.com	1983-07-19	1	+19799746122
2021-02-23	7	John	Velasquez	JohnVelasquez@gmail.com	1979-04-01	3	+13253107958
2021-02-24	8	Jean	Hawley	JeanHawley@gmail.com	1964-11-04	2	+13250473132
2015-05-08	9	Adam	Bissonnette	AdamBissonnette@gmail.com	1978-11-02	1	+14303724103
2021-08-29	10	Michael	Wyatt	MichaelWyatt@gmail.com	1985-12-04	1	+12548344780
2007-05-09	11	Dennis	Yeager	DennisYeager@gmail.com	1982-12-20	2	+13255393874
2018-01-04	12	Nelson	Cashdollar	NelsonCashdollar@gmail.com	1970-10-04	1	+12817144401
2021-02-02	13	Caryn	Pendergast	CarynPendergast@gmail.com	1976-06-22	1	+12146720926
2018-04-16	14	Audrey	Ressler	AudreyRessler@gmail.com	1987-01-06	1	+12815078945
2021-11-10	15	Robert	Lovett	RobertLovett@gmail.com	1980-04-06	1	+18069557357
2021-05-10	16	Tad	Maisenbacher	TadMaisenbacher@gmail.com	1989-01-09	2	+19153653918
2016-10-19	17	Earl	Polson	EarlPolson@gmail.com	1974-05-19	1	+14307522307
2020-03-05	18	Jose	Evans	JoseEvans@gmail.com	1975-11-20	1	+14304523962
2021-01-01	19	Karen	Suryan	KarenSuryan@gmail.com	1963-03-17	1	+12145621204
2021-09-08	20	Thomas	Compton	ThomasCompton@gmail.com	1980-01-31	1	+19566925938
2021-02-07	21	Jesse	Sturm	JesseSturm@gmail.com	1976-07-12	2	+14694689922
2021-06-22	22	Helen	Mcdonald	HelenMcdonald@gmail.com	1981-05-13	1	+19729405710
2018-02-09	23	Debra	Nava	DebraNava@gmail.com	1978-01-30	3	+13611376061
2021-02-15	24	Linda	Blankenship	LindaBlankenship@gmail.com	1973-07-17	1	+19792800142
2019-04-10	25	Brandon	Pitts	BrandonPitts@gmail.com	1972-04-09	3	+19158902474
2017-06-09	26	Dorothy	Bryan	DorothyBryan@gmail.com	1988-06-13	1	+19562427605
2021-11-12	27	Kenneth	Cain	KennethCain@gmail.com	1979-06-25	1	+14692160561
2008-12-14	28	Sofia	Buonocore	SofiaBuonocore@gmail.com	1960-09-27	1	+16822985228
2018-10-09	29	Joseph	Conyer	JosephConyer@gmail.com	1961-02-06	2	+13255774796
2016-06-01	30	Leticia	Gibson	LeticiaGibson@gmail.com	1972-09-01	1	+19031131227
2008-10-05	31	Stella	Reeves	StellaReeves@gmail.com	1969-09-10	1	+17132663798
2019-03-11	32	Gerald	Perry	GeraldPerry@gmail.com	1961-08-07	1	+19720857136
2012-12-28	33	Gloria	Stone	GloriaStone@gmail.com	1967-07-26	2	+19151473322
2021-04-07	34	Gary	Shamapande	GaryShamapande@gmail.com	1983-12-26	3	+19150111249
2015-02-25	35	Tyler	James	TylerJames@gmail.com	1975-07-29	1	+18324727126
2021-04-05	36	Sherrie	Lary	SherrieLary@gmail.com	1963-07-28	1	+14304598223
2015-12-27	37	Jonathan	Logan	JonathanLogan@gmail.com	1980-09-05	3	+14320930132
2021-06-16	38	Richard	Alvord	RichardAlvord@gmail.com	1985-11-04	1	+12140125596
2021-10-30	39	Ruth	Graves	RuthGraves@gmail.com	1963-09-17	1	+18323651497
2021-07-28	40	William	Flynn	WilliamFlynn@gmail.com	1982-11-03	1	+14696251062
2021-01-14	41	Sandra	Halstead	SandraHalstead@gmail.com	1989-10-14	1	+17137997348
2017-06-19	42	Janice	Bell	JaniceBell@gmail.com	1960-01-15	1	+17135819079
2021-07-30	43	Anna	Wagner	AnnaWagner@gmail.com	1976-10-17	2	+12140613365
2021-07-14	44	Micah	Doerr	MicahDoerr@gmail.com	1975-05-19	2	+12815653375
2005-04-06	45	John	Zemel	JohnZemel@gmail.com	1985-07-16	1	+13259878535
2021-05-13	46	Lisa	Kmiecik	LisaKmiecik@gmail.com	1980-12-09	3	+19722799147
2021-08-22	47	Stacy	White	StacyWhite@gmail.com	1972-04-11	1	+15121596321
2015-04-24	48	Danielle	Lee	DanielleLee@gmail.com	1966-06-29	1	+18175652039
2021-08-27	49	Blanca	Kahn	BlancaKahn@gmail.com	1980-08-09	2	+18179599056
2021-10-17	50	Richard	Leach	RichardLeach@gmail.com	1986-03-16	2	+15120498057
2003-04-02	51	Ellen	Lewis	EllenLewis@gmail.com	1968-08-02	1	+16822934535
2021-07-09	52	Erik	Maditz	ErikMaditz@gmail.com	1978-12-19	1	+14690865494
2020-12-06	53	Sheldon	Farmer	SheldonFarmer@gmail.com	1968-06-27	1	+19792407486
2019-02-15	54	Jin	Danielson	JinDanielson@gmail.com	1988-08-23	2	+18063148711
2019-03-10	55	Rosa	Thuss	RosaThuss@gmail.com	1968-03-19	1	+18067604177
2021-06-10	56	John	Drummond	JohnDrummond@gmail.com	1960-06-09	2	+19369769120
2021-07-22	57	Mavis	Vess	MavisVess@gmail.com	1987-06-25	1	+12143705647
2021-03-25	58	Andrew	Sheldon	AndrewSheldon@gmail.com	1964-01-02	1	+19727544271
2021-06-07	59	Benny	Sanders	BennySanders@gmail.com	1972-06-13	2	+19402291822
2021-12-01	60	Cindy	Thomas	CindyThomas@gmail.com	1967-12-07	2	+12106628231
2021-10-12	61	Marcella	Roberts	MarcellaRoberts@gmail.com	1984-08-25	1	+12109081619
2020-10-05	62	Renee	Stubbs	ReneeStubbs@gmail.com	1975-03-29	2	+19723149635
2011-09-16	63	Florence	Thompson	FlorenceThompson@gmail.com	1979-01-28	1	+14092130314
2021-02-19	64	Theresa	Brown	TheresaBrown@gmail.com	1978-12-02	1	+19031491505
2018-07-02	65	Rosario	Chambley	RosarioChambley@gmail.com	1965-08-24	1	+18308112394
2019-03-23	66	Cynthia	Hazelton	CynthiaHazelton@gmail.com	1984-09-06	1	+19724342158
2021-06-19	67	Jon	Neff	JonNeff@gmail.com	1963-02-14	1	+18170053755
2008-04-10	68	Steven	Bolton	StevenBolton@gmail.com	1975-12-22	1	+18060407043
2021-09-22	69	Ron	Velez	RonVelez@gmail.com	1978-03-19	2	+19797982871
2020-12-10	70	Frank	Caron	FrankCaron@gmail.com	1984-02-10	1	+19406264764
2017-05-26	71	Tim	Olson	TimOlson@gmail.com	1986-06-20	2	+19404881635
2017-06-14	72	Larry	Dellinger	LarryDellinger@gmail.com	1963-04-15	3	+13255973993
2018-01-21	73	Jesus	Capobianco	JesusCapobianco@gmail.com	1986-10-24	3	+19152829433
2018-07-29	74	Enid	Guido	EnidGuido@gmail.com	1980-06-30	1	+19156697161
2008-01-19	75	Vickie	Mcbee	VickieMcbee@gmail.com	1960-09-07	1	+19798742313
2021-06-12	76	Gerald	Scott	GeraldScott@gmail.com	1964-06-26	1	+14324925413
2020-02-06	77	John	Brosnan	JohnBrosnan@gmail.com	1966-07-06	1	+19407852991
2020-08-21	78	Pedro	Aurand	PedroAurand@gmail.com	1970-03-27	3	+19361867727
2005-08-01	79	Carol	Ronn	CarolRonn@gmail.com	1966-12-29	1	+14695036118
2021-02-12	80	Doris	Ballinger	DorisBallinger@gmail.com	1986-10-28	2	+12810190547
2021-03-27	81	Anthony	Suarez	AnthonySuarez@gmail.com	1989-08-15	1	+19560730571
2007-09-10	82	Steven	Gallman	StevenGallman@gmail.com	1989-09-25	1	+12102401204
2017-07-19	83	William	Williams	WilliamWilliams@gmail.com	1961-01-04	1	+12540482942
2021-07-07	84	Shari	Mckenna	ShariMckenna@gmail.com	1967-08-27	3	+18302453422
2020-02-21	85	Larry	Cropley	LarryCropley@gmail.com	1980-10-24	1	+15120130849
2019-10-20	86	Yvonne	Frentzel	YvonneFrentzel@gmail.com	1988-05-10	2	+14094948713
2016-07-18	87	Louise	Vannoy	LouiseVannoy@gmail.com	1963-03-26	3	+14697254565
2021-02-17	88	Mike	Chauez	MikeChauez@gmail.com	1967-03-26	2	+13251271966
2018-01-11	89	Stephen	Sims	StephenSims@gmail.com	1968-11-14	2	+19724906294
2021-09-20	90	Jack	Cargile	JackCargile@gmail.com	1970-11-24	1	+18327800138
2017-06-14	91	Antonietta	King	AntoniettaKing@gmail.com	1988-08-14	1	+17130304241
2015-01-27	92	Bobbie	Moore	BobbieMoore@gmail.com	1967-04-27	3	+19565745935
2017-08-13	93	Rhonda	Turner	RhondaTurner@gmail.com	1963-07-07	2	+14304207173
2017-03-21	94	John	Barron	JohnBarron@gmail.com	1975-06-22	1	+19032047753
2018-05-28	95	Beverly	Jacob	BeverlyJacob@gmail.com	1986-03-21	1	+13617918820
2021-07-02	96	Marsha	Holston	MarshaHolston@gmail.com	1972-05-05	1	+14326148534
2007-07-13	97	Monica	Holohan	MonicaHolohan@gmail.com	1976-06-20	2	+19563826461
2020-06-07	98	Robert	Burke	RobertBurke@gmail.com	1975-07-29	1	+18067117327
2016-10-25	99	Whitney	Tofil	WhitneyTofil@gmail.com	1975-04-24	2	+15120809440
2018-04-30	100	Erica	Young	EricaYoung@gmail.com	1969-04-01	1	+12108297498
